{"cameraMode":{"drawMode":0,"name":"Shaded","section":"Shading Mode"},"sceneLighting":false,"audioPlay":false,"sceneViewState":{"m_AlwaysRefresh":false,"showFog":true,"showSkybox":false,"showFlares":true,"showImageEffects":true,"showParticleSystems":true,"showVisualEffectGraphs":true,"m_FxEnabled":true},"in2DMode":false,"pivot":{"x":0.25172102451324465,"y":1.3131109476089478,"z":-0.8420412540435791},"rotation":{"x":0.011137424036860466,"y":0.9842125177383423,"z":-0.06683571636676789,"w":0.16362878680229188},"size":1.2675436735153199,"orthographic":false}