{"cameraMode":{"drawMode":0,"name":"Shaded","section":"Shading Mode"},"sceneLighting":false,"audioPlay":false,"sceneViewState":{"m_AlwaysRefresh":false,"showFog":true,"showSkybox":false,"showFlares":true,"showImageEffects":true,"showParticleSystems":true,"showVisualEffectGraphs":true,"m_FxEnabled":true},"in2DMode":false,"pivot":{"x":-0.18392448127269746,"y":-0.19647978246212007,"z":-0.07368920743465424},"rotation":{"x":-0.18245549499988557,"y":-0.2923267185688019,"z":0.05691856890916824,"w":-0.9370307326316834},"size":1.0372811555862427,"orthographic":false}