{"cameraMode":{"drawMode":0,"name":"Shaded","section":"Shading Mode"},"sceneLighting":true,"audioPlay":false,"sceneViewState":{"m_AlwaysRefresh":false,"showFog":true,"showSkybox":true,"showFlares":true,"showImageEffects":true,"showParticleSystems":true,"showVisualEffectGraphs":true,"m_FxEnabled":true},"in2DMode":false,"pivot":{"x":239.8125457763672,"y":51.417598724365237,"z":249.3108673095703},"rotation":{"x":0.0021816561929881574,"y":-0.6696312427520752,"z":-0.001599239301867783,"w":-0.7425909042358398},"size":1.0667330026626588,"orthographic":false}