{"cameraMode":{"drawMode":0,"name":"Shaded","section":"Shading Mode"},"sceneLighting":false,"audioPlay":false,"sceneViewState":{"m_AlwaysRefresh":false,"showFog":true,"showSkybox":false,"showFlares":true,"showImageEffects":true,"showParticleSystems":true,"showVisualEffectGraphs":true,"m_FxEnabled":true},"in2DMode":false,"pivot":{"x":0.7048060894012451,"y":0.49930107593536379,"z":-0.25111615657806399},"rotation":{"x":-0.06850528717041016,"y":-0.1419246941804886,"z":0.01011830847710371,"w":-0.9873764514923096},"size":0.8608219623565674,"orthographic":false}