{"cameraMode":{"drawMode":0,"name":"Shaded","section":"Shading Mode"},"sceneLighting":true,"audioPlay":false,"sceneViewState":{"m_AlwaysRefresh":false,"showFog":true,"showSkybox":false,"showFlares":true,"showImageEffects":true,"showParticleSystems":true,"showVisualEffectGraphs":true,"m_FxEnabled":true},"in2DMode":false,"pivot":{"x":0.8807538747787476,"y":0.6929181814193726,"z":0.5546109676361084},"rotation":{"x":0.06209683045744896,"y":0.28343653678894045,"z":-0.01839672401547432,"w":0.9568138718605042},"size":0.6164917945861816,"orthographic":false}