{"cameraMode":{"drawMode":0,"name":"Shaded","section":"Shading Mode"},"sceneLighting":false,"audioPlay":false,"sceneViewState":{"m_AlwaysRefresh":false,"showFog":true,"showSkybox":false,"showFlares":true,"showImageEffects":true,"showParticleSystems":true,"showVisualEffectGraphs":true,"m_FxEnabled":true},"in2DMode":false,"pivot":{"x":-0.05400991439819336,"y":3.813993215560913,"z":0.047557830810546878},"rotation":{"x":-0.18245549499988557,"y":-0.2923267185688019,"z":0.05691856890916824,"w":-0.9370307326316834},"size":5.0988006591796879,"orthographic":false}