{"cameraMode":{"drawMode":0,"name":"Shaded","section":"Shading Mode"},"sceneLighting":false,"audioPlay":false,"sceneViewState":{"m_AlwaysRefresh":false,"showFog":true,"showSkybox":false,"showFlares":true,"showImageEffects":true,"showParticleSystems":true,"showVisualEffectGraphs":true,"m_FxEnabled":true},"in2DMode":false,"pivot":{"x":-1.2413289546966553,"y":-0.07347238063812256,"z":0.00557217001914978},"rotation":{"x":-0.05168217420578003,"y":0.7247062921524048,"z":-0.054679565131664279,"w":-0.6849448680877686},"size":1.7031688690185547,"orthographic":false}