{"cameraMode":{"drawMode":0,"name":"Shaded","section":"Shading Mode"},"sceneLighting":true,"audioPlay":false,"sceneViewState":{"m_AlwaysRefresh":false,"showFog":true,"showSkybox":false,"showFlares":true,"showImageEffects":true,"showParticleSystems":true,"showVisualEffectGraphs":true,"m_FxEnabled":true},"in2DMode":false,"pivot":{"x":0.6995528936386108,"y":0.007240653038024902,"z":0.30183476209640505},"rotation":{"x":-0.19910238683223725,"y":-0.46343156695365908,"z":0.10763432830572128,"w":-0.8567591309547424},"size":1.0353187322616578,"orthographic":false}